EpisodeReward,RawReward,Avg50Reward
35.86229508196697,-27.86885245901668,35.86229508196697
33.414141414141156,-29.292929292929582,34.63821824805406
39.368421052631724,-26.3157894736842,36.21495251624662
18.98227848101261,-36.70886075949378,31.906784007438116
34.372881355932286,-28.81355932203395,32.40000347713695
30.8405063291138,-30.37974683544323,32.14008728579976
1.6896174863384452,-45.35519125683097,27.790020171591
18.126126126125875,-36.9369369369372,26.58203341590786
45.284671532846914,-23.35766423357662,28.660104317789976
22.2701298701297,-35.06493506493531,28.02110687302395
43.079136690647644,-24.46043165467623,29.390018674626106
34.45714285714293,-28.571428571428612,29.81227902316917
33.245070422535335,-29.5774647887325,30.076339900043493
29.000716845878202,-31.89964157706096,29.999509681888828
52.77216117216091,-19.413919413919164,31.517686447906964
30.157894736842152,-30.921052631579073,31.432699465965413
31.288888888888764,-30.555555555555557,31.424240020255024
23.163898916967437,-35.01805054151628,30.96533218118349
0.06315789473666555,-47.36842105263182,29.33890195558103
-11.610035842294202,-53.4050179211473,27.291455065687266
22.270129870129196,-35.06493506493556,27.052344342089263
-40.9162629757788,-68.85813148788957,23.96286219127708
-18.685714285714834,-57.142857142857736,22.108576257494825
-10.923905723906099,-52.86195286195326,20.732222841603114
-40.107936507936785,-68.25396825396857,18.298616467621518
-64.96296296296255,-81.48148148148108,15.09624802798367
-55.733333333333135,-76.66666666666652,12.472930199786752
-28.91467576791872,-62.4573378839597,10.994801415225842
-46.26289752650193,-71.73144876325108,9.020398003442127
-46.26289752650194,-71.73144876325108,7.1776214857773235
-55.88837209302306,-76.74418604651147,5.143234596138601
-56.71698113207526,-77.35849056603756,3.2101028546319186
-65.07692307692265,-81.53846153846114,1.1407990385242042
-66.99792387543204,-82.6989619377158,-0.863281047180391
-64.49999999999959,-81.24999999999962,-2.6814730172609393
-67.92996632996582,-83.16498316498267,-4.4939311648360745
-65.10364963503605,-81.75182481751783,-6.132031664030668
-67.23573883161461,-82.81786941580708,-7.740023957914457
-65.2363636363632,-81.8181818181814,-9.214289077874682
-55.57725752508343,-76.58862876254167,-10.373363289054899
-54.618430034129545,-76.10921501706474,-11.452511258446965
-62.526315789473315,-80.26315789473651,-12.6685542234714
-59.59717314487606,-78.79858657243793,-13.75991745420174
-66.01281138789989,-82.20640569394973,-14.947483225422154
-45.87515923566897,-71.3375796178346,-15.63476491453875
-53.44895104895092,-75.52447552447543,-16.456812439199883
19.994052044609184,-36.80297397769563,-15.681262131033735
14.093023255813112,-38.953488372093766,-15.060964518807758
-56.64836601307168,-77.12418300653577,-15.909686998282533
0.666666666666039,-46.666666666667304,-15.578159924983561
-48.00547945205484,-72.60273972602748,-17.255515415663996
30.98181818181743,-30.909090909091628,-17.30416188031047
-51.68178913738012,-74.44089456869007,-19.12516608411071
-32.678014184397824,-64.53900709219926,-20.15837193741892
-32.33876221498433,-64.16938110749253,-21.49260480883725
61.354838709676095,-15.32258064516205,-20.882318161226003
-26.80701754386009,-61.40350877193031,-21.452250861829974
35.657142857141764,-28.571428571429326,-21.101630527209657
19.490196078430607,-37.25490196078492,-21.617520036297982
6.933333333333213,-43.33333333333353,-21.924255967033915
-8.314186851211343,-51.5570934256059,-22.952122437871093
9.342528735631717,-42.52873563218441,-23.454414720301315
30.15789473684123,-30.92105263157958,-23.516158234015197
12.481118881118721,-40.55944055944078,-23.846550193310385
27.92233009708721,-32.038834951456536,-24.343546814811862
41.46619217081858,-25.26690391459076,-24.11738086613233
29.1,-31.25000000000005,-24.161158643910106
34.85714285714275,-28.57142857142872,-23.9272937651066
7.603625377643155,-42.598187311178684,-23.776484415448472
160.56231884057902,37.6811594202893,-20.33303732179101
20.859574468084947,-36.17021276595764,-20.361248429831893
14.005369127516456,-39.59731543624201,-19.262815787765987
-3.763578274760725,-48.88178913738064,-18.964373067546905
9.640955631399137,-41.97952218430062,-18.553075840440798
-2.258823529412126,-48.52941176470631,-17.79609358087031
102.94045801526693,6.870229007633805,-14.43802516130572
60.674698795180674,-15.662650602409546,-12.109864518735444
29.049056603773348,-32.07547169811352,-10.950589871301602
6.764668769715598,-43.217665615142515,-9.890038545377251
5.001242236024453,-44.099378881988045,-8.864755750126722
27.0289962825279,-33.085501858736166,-7.206408382615703
1.1949367088600944,-46.20253164557027,-6.0481700257969955
29.599999999999778,-32.00000000000028,-4.154631564258547
14.167375886524486,-39.71631205673798,-2.5313255690194163
1.3081081081075077,-45.94594594594656,-1.215163406857274
9.329032258064256,-41.93548387096806,0.33001656490332754
40.65992217898845,-26.07003891050575,2.445288001183817
12.066898954703646,-40.76655052264828,4.031340756910182
-11.955555555556165,-52.777777777778375,5.096956918526324
1.3081081081074295,-45.94594594594658,6.2346642311901395
26.179264214046675,-33.110367892976775,7.850618116153664
21.613559322033474,-35.59322033898345,9.5334156183838
17.01059190031142,-37.69470404984442,11.065570919287547
13.199999999999033,-40.00000000000089,12.649827147045528
17.337931034481716,-37.93103448275957,13.914088952448543
36.32989690721546,-27.835051546392677,15.70966591157187
32.260139860139915,-30.069930069930027,15.954987667882484
24.744444444443328,-34.02777777777879,16.168016091655087
-24.665780730897943,-60.13289036544939,16.80766779729856
-59.89473684210492,-78.9473684210523,15.596439727123142
-67.92996632996565,-83.16498316498252,15.197949989564929
-55.0388059701485,-76.11940298507395,13.477537506525609
-76.19999999999935,-87.49999999999935,12.987173289273223
-81.06315789473604,-90.13157894736761,12.01947041506646
-74.79735973597299,-86.79867986798618,11.170298464646685
162.10364372469527,37.65182186234715,13.18527456494707
-77.98631178707149,-88.59315589353535,12.161688680082841
-81.81265822784722,-90.50632911392317,9.812292658383063
-75.72229299362968,-87.26114649681442,7.908042876941856
-80.1103448275854,-89.65517241379229,6.167169313723486
168.04274809160214,41.22137404580073,9.694308012579754
-79.89407665505144,-89.5470383275253,7.909575904766091
-80.79999999999922,-89.9999999999992,5.690418010029282
-80.5297297297289,-89.86486486486403,3.8302010378123303
-80.2520547945197,-89.72602739725943,1.6667133399801919
-81.56923076922996,-90.38461538461456,-0.7939951188207794
-78.15849056603693,-88.67924528301808,-2.939164930141518
-81.56923076922989,-90.3846153846145,-5.267692402668971
142.02625482625336,27.413127413126187,-2.5792398136967667
-79.44768683273945,-89.32384341636934,-7.379439927163136
-78.32808988763973,-88.7640449438195,-9.36319321427763
-81.75238095238014,-90.47619047618966,-11.27834821587556
-79.13935018050441,-89.16967509025172,-12.785863653990434
-80.03875432525874,-89.61937716262898,-14.579457853123593
-79.13935018050441,-89.16967509025172,-16.117068386145437
-79.06086956521665,-89.13043478260795,-19.757094937755106
-81.69171974522212,-90.44585987261064,-22.604423308563163
-80.8664451827232,-90.0332225913611,-24.802733344293102
-81.81265822784727,-90.50632911392321,-26.574279884244355
-80.32218430034024,-89.76109215016962,-28.28074841497165
-79.96666666666562,-89.5833333333323,-30.420661673955514
-79.89407665505152,-89.54703832752537,-32.042441941233754
5.498257839720667,-44.25087108013997,-32.52447678443933
30.604580152670756,-31.297709923665018,-32.195732699116405
96.49655172413722,3.4482758620686083,-30.291963826795815
-86.88648648648547,-93.24324324324222,-32.21627420168681
16.066894197951168,-38.56655290102489,-32.70813476130755
-87.74177215189769,-93.67088607594832,-34.70430818343958
25.895719844357078,-33.85214007782171,-33.947282675441315
-83.25614035087634,-91.22807017543772,-35.63856764462099
80.98082191780699,-4.109589041096724,-34.54253649054578
134.07272727272593,23.63636363636245,-32.29335313153194
121.73172690762982,16.465863453814784,-30.19893043138557
266.2171003717479,93.30855018587411,-25.138588423950587
191.67835051546254,54.63917525773074,-21.65178003433097
134.75824915824901,24.579124579124507,-19.6832129893103
53.13755274261486,-19.831223628692715,-19.265664731660802
29.490647482013962,-31.65467625899313,-19.17074067090939
-36.032432432431335,-66.21621621621524,-19.398073704940057
-87.41298701298597,-93.50649350649246,-19.948438708357674
-78.41194029850645,-88.80597014925274,-20.158078187728492
14.205750798721809,-39.29712460063925,-18.773187052351087
129.45555555555418,21.527777777776613,-14.660075941240013
-87.06666666666564,-93.3333333333323,-14.780146116678612
226.45714285714587,71.4285714285742,-8.755056064816234
101.05841924398564,6.5292096219929405,-9.975960554430424
68.1230769230763,-11.538461538461663,-7.053772780227466
164.36989247311692,39.784946236557964,-2.1301217662081875
111.02158273381252,11.51079136690673,1.604755748340658
205.08398791540696,63.1419939577032,7.308642403200504
222.83432343234588,71.61716171617387,8.404473910015378
70.65611510791297,-10.071942446043373,11.41547774527467
220.82261484098802,69.61130742049357,17.447930042094413
182.90746268656923,49.253731343285416,22.716673890420374
134.00127795527087,24.600638977635448,27.001740545416183
197.0328358208952,56.71641791044741,32.573781877218686
238.4642335766423,78.83211678832113,38.90623636007227
270.9043478260897,95.65217391304591,45.955707931978665
96.60740740740735,3.7037037037038485,45.04733098360174
128.9582417582415,20.879120879120705,49.21544955542136
91.94736842105141,1.973684210525469,52.62095872159519
45.985964912279606,-22.807017543860344,55.17572563888839
63.213793103447,-13.793103448276591,58.022788504567416
411.26666666667194,170.83333333333727,67.84889692440602
165.10175438596562,40.3508771929831,72.73371901573542
66.47567567567435,-12.162162162162916,75.64444992055324
4.290109890109182,-45.05494505494576,77.36408651325988
524.8209059233493,231.01045296167564,89.47783353538132
377.90476190476613,155.95238095238395,98.67218193803359
198.18947368421314,57.89473684210765,104.24241509772466
110.44217252396112,11.821086261980401,108.05059188153719
514.000000000006,225.00000000000435,119.92847341463833
342.1986577181252,134.8993288590638,126.66248141220643
495.58692810458103,216.99346405229178,135.96212837124463
169.8441947565558,42.322097378278535,137.429081231893
225.76271186441016,72.88135593220649,143.68206519891095
247.40068259386084,84.30034129693192,148.3087409668291
49.30337078651576,-21.34831460674224,151.0496438255974
238.58914728682544,78.29457364341425,155.30351237444674
39.58709677419277,-25.80645161290379,157.76037711694815
45.84615384615279,-23.076923076923737,157.05768375551506
468.0000000000048,200.0000000000039,163.7362292100606
410.4893203883538,171.84466019417815,169.5113810796751
526.8541353383519,230.82706766917713,174.7241217790072
101.72121212121087,6.060606060605075,172.92497901112216
329.91633986928554,128.7581699346441,176.8281408253429
35.862295081966366,-27.868852459016953,176.48263567212996
43.32413793103356,-24.137931034483323,176.75930548111032
13.245921450150572,-39.577039274924964,177.74487255876193
169.58208955223913,41.79104477611966,182.88477409006646
366.51525423729277,147.45762711864782,191.78331798078244
208.8450511945419,63.82252559727198,195.67610398869883
413.2526315789511,173.02631578947663,201.35204550916674
557.2641114982632,248.43205574913284,214.23866107246536
114.61176470588222,14.705882352941062,212.00175350944005
219.6000000000044,68.00000000000402,214.37258512456043
39.25100671140843,-26.17449664429593,213.79514372032708
341.98843930636264,136.9942196531824,217.347514656992
419.74012738853855,177.07006369427,223.52188555008652
307.16226415094826,116.98113207547567,225.56345107479734
237.21235521235963,77.60617760618156,225.85101171039761
123.46705539358592,19.53352769679295,226.9072305161111
36.329896907215584,-27.83505154639237,223.21737615743564
546.8363636363665,241.81818181818392,230.49595417643155
236.24615384615828,76.92307692308106,232.5408516942493
494.15884476534745,214.07942238267503,238.48337187313834
200.54317343173554,58.6715867158683,237.72495067024022
-6.000000000000355,-50.0000000000004,232.18686371371842
453.4352941176514,194.1176470588265,239.32342144792332
53.17183098591437,-19.014084507042934,237.80769323247677
462.51543624161525,198.65771812080874,245.21905458888807
557.7405017921184,247.67025089605966,255.45414532648482
200.543173431739,58.67158671587137,258.2007329330507
180.69629629630032,48.148148148151726,253.5893255256432
81.17647058823403,-4.4117647058832326,251.9108198496886
5.88811188811113,-44.05594405594479,250.69906857393732
40.936170212764964,-25.53191489361777,251.43198978039044
718.2545454545366,332.72727272726604,255.3006625710142
22.434782608694984,-34.78260869565269,248.19126298509272
-6.262251655630138,-50.33112582781549,244.1022284782959
291.0666666666709,108.33333333333692,247.71471836115012
510.9739130434833,226.08695652174276,247.65419662201964
416.10708661417584,171.65354330708826,249.13236519994064
559.880272108848,250.34013605442482,250.41823208002603
4.711111111110359,-44.44444444444516,247.11557040711713
156.58775510204296,34.69387755102244,245.73207127186973
162.1777777777807,38.88888888889147,244.02761317554814
670.0108108108054,305.40540540540064,256.44176197603394
-29.170068027211627,-62.585034013606204,251.0865776697532
212.2344827586245,65.51724137931376,254.53952538944185
-28.137931034483543,-62.06896551724217,253.0598436918291
198.49831649832078,58.249158249162136,247.66981002179543
5.442105263157099,-44.07894736842183,239.5688657192915
47.55179153094343,-21.824104234528452,229.98281884314332
233.29836065574278,77.0491803278733,232.61436181383397
-27.554372623574892,-61.97718631178785,225.46494756397675
724.2170542635662,334.1085271317835,239.23204274760874
111.82671480144504,11.913357400722981,240.60209428501702
365.0555555555608,146.52777777778184,247.6382869671252
147.22051282051538,31.410256410258697,247.19105543249069
201.71531531531946,57.65765765766146,243.89505665405122
195.68404669261102,55.6420233463072,243.63183656401262
50.268438538205125,-20.2657807308978,236.3721527031977
301.8784660766994,115.33923303835076,231.26443979476645
156.47299270073205,35.03649635036692,232.10166435466346
405.6112676056397,167.60563380282136,235.82188970677612
120.4941176470586,17.647058823529193,237.44675192548914
478.9931034482804,206.8965517241417,240.18684520832747
584.4727272727304,263.63636363636516,243.48149720601134
390.09638554217486,162.04819277108896,245.14017963383586
637.3833935018044,289.891696750902,253.14360039962475
134.6269503546113,24.113475177306142,253.36679829884528
580.0842105263193,261.8421052631605,264.24188457122733
494.1577854671323,214.87889273356734,263.1883130078427
113.11910112359598,12.359550561798217,260.72577195339136
519.0073089701062,228.90365448505463,261.22274123748656
515.9485530546667,227.97427652733435,267.5308488299452
449.1602836879484,190.78014184397523,276.6340545037042
443.5888888888943,188.1944444444484,276.43712639912906
546.5146853146896,242.65734265734557,286.3039834857046
493.5789473684257,215.78947368421407,286.92525370824075
450.31760797342764,192.35880398671517,284.77679583186693
625.2787644787666,282.2393822393835,293.2715076528075
58.68478964401176,-15.857605177994216,290.8312775197617
389.6125786163563,161.00628930817908,296.9999996803242
63.32711370262261,-12.536443148688763,298.1487797166144
147.81818181818372,30.909090909092654,300.28641994872277
590.7827956989281,265.59139784946456,297.7369849536106
704.609150326792,328.1045751633943,311.3804723079726
194.71111111111523,55.55555555555923,315.39993956330744
786.9333333333291,366.666666666664,325.3172728966406
353.6053511705743,140.80267558528877,322.1699016591824
476.71111111111657,205.5555555555594,323.3819821491213
225.92234432234864,72.16117216117598,316.7028235933913
481.1401993355519,208.97009966777657,326.2314053578801
355.83529411765176,144.11764705882732,330.2163561381923
33.245070422534205,-29.577464788733135,327.6377019910874
-6.311526479751503,-50.155763239876116,314.1112552452762
427.7645645645699,182.28228228228582,323.24994789711184
6.676056338027362,-43.66197183098667,319.1387793686999
128.2229508196708,21.311475409834856,322.26599700578294
35.14875444839752,-28.825622775801467,318.9990057647845
752.2989010988956,350.5494505494468,333.9361416814993
104.22733812949505,7.913669064747085,335.06965261347034
672.2943396226389,307.54716981131884,343.84957219280824
280.3777777777831,101.38888888889332,350.0082152008355
156.97700348432278,35.88850174216233,338.66341418525053
725.2307692307668,334.61538461538305,350.931495273837
290.64347826087334,106.5217391304381,349.4432537279432
530.1419795221906,234.4709897610967,357.1016830619768
367.66504065041073,152.03252032520632,360.42067756867857
215.5263157894786,67.76315789474138,360.8175229506159
599.1304347826053,269.5652173913011,371.79476287550386
579.5589743589786,262.1794871794897,377.34837304114944
472.2126126126186,206.30630630631018,383.6631654393872
87.99999999999864,-9.119371924271036e-13,377.31094008727433
717.6688644688626,332.2344322344313,389.2544350237105
131.15469255663606,22.97734627831864,382.2976668058776
408.94054054054584,170.27027027027432,378.7870230712339
407.7275362318885,172.46376811594502,379.13964608502806
177.44029304029632,46.52014652014949,369.940784075798
510.380327868858,224.59016393443008,377.45585162608296
522.9569620253221,232.27848101266184,376.31330665606293
459.85665529010816,196.92832764505553,375.62728405252244
570.6823529411811,252.94117647059176,384.7785490888741
506.6356164383604,221.91780821918132,384.53111523823935
484.25321100918035,211.92660550459124,383.8972083973296
141.95675675675832,28.37837837837983,377.7531378587058
638.8167832167841,291.6083916083922,381.65769574526354
816.8137931034371,386.20689655171674,387.06367790103855
-29.525925925926714,-62.962962962963765,376.6015804351515
161.01935483871205,38.709677419357014,370.8156153724571
202.80000000000456,60.00000000000412,362.3660400828819
493.7577854671325,214.87889273356748,371.0674999993443
-52.64326018808774,-74.92163009404388,362.22238322325546
46.52957746478762,-22.53521126760636,361.8864324984988
2.703249097472142,-45.84837545126432,358.9841338440845
651.4577181208037,299.3288590604013,360.19763229252203
786.8659003831331,367.4329501915649,361.8427672936489
136.76593059937088,26.18296529968611,360.68386368341396
462.68421052632004,199.34210526316124,354.1988812272737
687.1402135231309,316.37010676156524,360.8695784743249
384.95015772871176,158.67507886435726,359.0343594066768
577.4671586715892,257.9335793357951,366.0652556936616
661.2280442804415,302.2140221402205,369.6670125925594
695.5016393442595,322.9508196721291,376.4603394970916
98.73846153846009,5.769230769229663,377.7702073194102
666.6189781021909,305.10948905109535,391.22881741104896
601.0745874587458,272.9372937293725,394.6950178689324
421.75855855856366,179.27927927928266,402.9966679133431
685.3678321678316,316.08391608391554,414.13956554030636
438.4225352112726,185.21126760563726,422.2050411555639
777.5362318840522,363.7681159420251,422.7097877712671
283.64010025063004,108.02005012531615,426.2980430136897
198.20674157303822,57.30337078652098,416.8162910526978
81.08936170212658,-4.255319148936849,412.83052273118466
470.8606060606117,203.03030303030707,419.1081947827104
147.55789473684422,31.57894736842298,407.55473729283193
81.08936170212624,-4.255319148937154,403.363654961657
483.44761904762305,209.52380952381256,402.4297677521656
774.595053003525,362.8975265017598,410.568367999228
472.87152317881277,204.63576158940754,415.7152721470146
687.2623376623345,318.8311688311659,417.47791020460915
5.001242236024087,-44.099378881988294,405.98675556215005
587.6970099667782,265.4485049833883,408.2964435092333
599.89803921569,272.54901960784554,418.53440429354714
144.46956521739295,30.43478260869717,407.0704183085178
644.0539589442789,298.826979472138,417.3284036362706
597.8710097719859,271.33550488599144,421.10701302089933
767.9286821705374,357.36434108526703,428.31103593967237
349.49526813880664,139.74763406940494,431.7521354416426
429.06506024097,183.13253012048636,430.1258300890848
376.4024539877351,154.6012269938691,427.1947399283331
14.821621621620732,-39.18918918918997,418.29403925496337
677.4181818181767,310.909090909087,420.42875583250316
743.2863309352426,346.0431654676189,425.1617701224409
756.4748201438751,353.2374100719354,430.6062023051348
183.89930069930443,50.34965034965381,431.44505318398564
542.8324324324387,241.21621621622054,429.5253661682987
506.11827242525567,222.25913621262913,423.31145575473505
132.20431654676452,22.302158273383064,426.546060604189
573.6317880794646,257.6158940397289,434.798309269004
190.1693430656933,53.284671532846666,434.54569613031776
659.4666666666626,303.33333333332985,437.8598737543084
7.124050632910556,-43.037974683545094,439.05521997072844
299.8064516129078,112.90322580645562,444.1207574536909
805.1428571428471,378.57142857142134,460.1695496145983
189.82020905923775,53.31010452962071,450.93679943336707
778.4758842443684,366.23794212218394,450.76899911059166
728.7124087591152,337.95620437955415,462.60792867378655
-5.909219858156813,-50.3546099290788,453.23606006609697
598.8749163879587,271.23745819397783,451.4707541233936
85.25217391304204,-2.1739130434791805,445.4767944470802
158.58129496403154,36.69064748201697,437.099077172929
541.128662420388,240.76433121019517,434.6970895357279
732.3188811188733,340.55944055943394,435.4334343712202
479.76334405145184,208.68167202572727,443.0539320214801
828.7321554770249,391.1660777385109,446.2961955689767
73.24907975460118,-7.975460122699138,435.7396854148938
659.2673835125368,301.43369175626526,440.4898619139733
326.02130177515323,127.81065088757816,433.30293130611966
140.41696113074042,27.208480565369626,427.34281982450915
464.3636363636401,198.18181818182123,421.0793679141009
802.0728624535218,375.8364312267585,431.44802315815866
29.56363636363534,-31.818181818182605,428.07516105397076
123.76236162361812,18.08118081180976,428.92862105240056
80.1824561403494,-3.508771929825526,421.11505805399526
503.4557823129303,219.72789115646654,428.2330158055169
411.0463576158984,171.52317880795022,434.83215572379237
379.15675675676175,153.37837837838234,432.74633847797514
501.72287581699925,220.26143790850077,427.2888949342447
529.4666666666707,233.3333333333366,428.4207978040018
687.7167883211623,316.05839416057853,428.4298868171783
570.5757961783382,256.68789808916597,439.74137789602463
-15.743130990416102,-55.27156549520844,427.67257507688066
551.9891891891822,244.59459459458716,426.71439807635056
153.7368421052658,34.86842105263402,426.899743614108
-9.96190476190554,-52.38095238095317,413.8194263399844
-36.03243243243295,-66.21621621621676,401.14135749589593
804.6206896551614,379.3103448275789,401.87519764558857
118.71812865497205,16.959064327486523,397.2596548559118
8.854237288134762,-42.372881355933,388.8554383968551
115.35800711743903,13.87900355872004,383.6345494594491
661.1555555555485,302.7777777777711,396.5612281381278
554.8126984126989,249.20634920634882,394.10911847001813
127.23821656051126,21.019108280256305,381.78815618252355
15.673003802281144,-39.1634980988596,366.97211985569163
748.0573476702475,348.0286738351235,378.25528079511054
748.6461538461473,351.9230769230716,382.3715552233847
-24.665780730897723,-60.132890365449235,371.7558741602616
508.8481099656402,223.02405498282124,379.28875002863913
112.97142857142947,14.285714285715112,370.07554283847844
742.9109489051117,345.2554744525568,381.13037495526675
76.94911242603445,-5.325443786982818,369.48002387045426
715.5652173912978,334.7826086956476,383.6488472056219
467.0647686832797,198.93238434164132,386.99401354702934
125.02047244094541,18.11023622047292,373.39156585299133
507.5095406360474,221.5547703180251,379.7453524845276
799.5546099290689,375.1773049645319,380.1669269982215
615.3220338982987,279.66101694914636,377.8991195010052
521.9326599326666,229.96632996633465,388.45595709682175
73.10236220472407,-9.448818897637679,377.94050601315706
477.71899641577636,204.65949820788987,385.7898424632117
537.0966887417268,237.74834437086471,393.3601503387656
29.786301369861995,-31.506849315069264,383.13330311775513
235.26315789474177,77.63157894737299,373.19218865327247
589.9151943462786,263.95759717313365,375.39522565916894
704.31532846714,323.3576642335645,372.9068891189713
-4.297897897898643,-48.94894894894968,371.3559495659213
155.63333333333517,35.41666666666826,361.2832685623373
1.0234113712366515,-46.48829431438206,354.78331075425893
1143.343511450366,552.6717557251797,374.84184176065145
438.8502994012045,187.4251497006039,374.3315750214027
13.850187265916691,-40.07490636704198,358.56712151765066
164.85128205128254,41.02564102564146,361.27287443140364
808.334426229502,381.96721311475034,374.96431572352134
380.2339622641571,154.7169811320804,380.9653458459974
397.8270270270331,163.5135135135184,378.85277074027937
535.0801444043369,235.74007220216973,381.33344647604827
90.63884892086264,0.7194244604313534,375.5630883193302
541.3679180887276,237.88395904435941,376.3559891647648
203.60000000000463,60.000000000004206,369.83865583143154
101.64682274247568,7.023411371238222,358.1172565198578
18.582965299683806,-36.90851735015846,347.0773999022846
-14.522222222223018,-54.86111111111192,347.10181807764855
277.80139860140366,99.30069930070385,341.618062265893
121.31371237458339,17.056856187292198,340.96959967127935
159.96823104693433,37.18411552346842,344.36820238745617
434.89150326798006,181.04575163399198,353.78668110146435
584.5190938511228,262.45954692555665,349.3846491853836
738.0487804877862,339.02439024388684,361.7712622220398
250.471428571434,83.03571428571921,366.6036060477059
942.7750915750756,445.7875457875332,383.1519477368586
172.4615384615424,44.23076923077278,373.3780673949786
537.758865248223,236.87943262410863,373.03699073168895
41.92679738561979,-24.836601307190303,371.3307623481911
441.9905723905793,186.19528619529154,379.85711371995706
1054.9404580152539,506.87022900762406,385.99477592685724
44.31788079470083,-23.84105960264976,371.9082104658284
53.05060240963722,-18.67469879518153,373.462538128639
12.805298013244165,-40.39735099337824,363.54168188959113
602.1142857142723,267.85714285712965,373.32453903244794
119.77721518987508,17.088607594938154,360.8618643581433
-39.05498007968177,-68.12749003984115,358.54178250802886
593.9259259259132,262.96296296295066,356.10899667872116
8.436363636362781,-43.18181818181897,346.93642857778286
170.21538461538813,42.30769230769558,347.84032682127173
-28.65753424657606,-62.32876712328841,337.11698532361925
92.49855072463794,1.449275362319347,322.9758641395306
99.34492753623263,5.07246376811683,312.6563220122893
618.1956834532247,277.6978417266069,314.58158248270047
140.4735632183932,26.436781609197638,315.9290065029738
215.24633204633687,66.02316602317038,310.67955321558503
-5.600000000000737,-50.00000000000073,299.8256194407505
26.06713286713187,-33.56643356643435,299.7512360706959
-21.06666666666746,-58.333333333334124,294.62463957946767
27.448231511253024,-32.47588424437376,283.3753003227672
80.14084507042207,-4.929577464788851,270.8918106548328
225.06569343066212,71.5328467153331,275.479082481404
153.46666666666712,33.33333333333373,275.43574914807067
48.5338289962813,-21.93308550185954,276.3859575005716
69.09415807560111,-10.652920962199168,254.90097043307628
114.81509433962364,13.207547169812301,248.4202663318446
92.60751879699137,1.5037593984956366,249.9954129624661
474.49655172414316,203.44827586207336,256.18831835592334
57.35433070866013,-17.322834645670028,241.16871644550653
181.80332225913992,49.501661129571495,237.20010364540616
-44.75844155844185,-70.77922077922109,228.3483942736967
667.6727272727153,303.6363636363529,231.0002459310642
36.235616438355066,-28.082191780822708,229.9121812814141
56.61650165016434,-17.491749174917725,220.21715295264278
194.23396226415448,54.71698113207881,220.0298321979258
193.28030888031344,54.44015444015854,221.86250192068255
292.7523465704021,105.77617328520313,227.34588954609694
207.04378698225386,62.721893491129116,231.77720973018648
720.7793814432886,332.9896907216408,240.63676938702417
175.2666666666668,45.83333333333346,241.71582847286584
494.26262626262917,213.1313131313149,248.40171637717972
781.2700389104943,363.0350194552435,255.32928709003002
943.6408163265162,451.0204081632547,262.5117215395379
7.475177304963655,-43.262411347518544,247.90024947588142
1408.8895752895455,687.6447876447698,271.06861241024365
352.0525547445315,137.2262773722677,259.25416167363284
89.91684587813634,0.3584229390684758,257.6032678219647
402.01355932203955,164.4067796610217,254.8883617034411
135.47586206896784,24.137931034484858,256.75934299710804
723.3948717948604,335.8974358974257,262.38742898519365
220.23783783784307,68.91891891892374,245.69337658164542
505.1622641509423,216.98113207546996,254.9102642487702
313.3075268817259,115.0537634408652,260.11540273821197
724.1954198473177,331.2977099236539,274.34320517489346
213.5258278145747,65.56291390728947,266.5714360168995
659.0545454545311,297.7272727272594,277.3569826221926
555.4775510204009,246.93877551019645,289.2476332441943
539.1159874608167,238.55799373040767,288.15143447489237
353.3498559077871,142.07492795389524,295.04970432032087
149.01818181818476,30.90909090909357,294.62576026437677
91.03884892086197,0.7194244604306074,297.0196879277255
698.12841328412,320.66420664205503,309.13228517891514
11.80298507462614,-40.298507462687276,307.381446329683
96.90687022900835,3.0534351145047074,296.9556700651987
1031.8308724832104,497.3154362416046,314.7828162504951
815.8544061302523,378.92720306512075,326.7949777321734
331.11559633028185,129.35779816514287,333.529289658779
150.93426573426805,32.86713286713503,336.02663231612166
1435.7074204946787,705.6537102473385,365.16211405934865
65.83859649122664,-12.280701754386818,365.9299213589482
1222.4349809885716,595.8174904942839,388.7758040773112
173.68888888889137,44.44444444444666,387.7482679864757
509.26642066420607,221.03321033210233,394.8642630664265
35.34470989760985,-28.32764505119531,394.6004806844531
655.8111111111016,299.3055555555465,406.3348197451631
157.6981132075499,35.849056603776106,407.19248012252166
452.6352941176523,194.11764705882766,414.3930356289348
11.647058823528543,-41.176470588236086,405.1360457709225
459.0736842105307,194.73684210526704,413.17043284095985
4.290109890109068,-45.05494505494585,409.62016859357936
386.5910652921014,154.2955326460528,418.24715873059023
672.0757475082976,308.63787375414546,418.3352191353018
176.9176470588277,47.05882352941549,421.1488597477113
5.075409836064768,-44.26229508196799,420.11803791142927
158.7735408560344,36.18677042801858,419.4088294832669
130.89795918367554,22.448979591838608,418.1611824893342
678.7881918819052,309.59409594094666,425.8818993955642
203.828571428575,60.714285714289026,425.8175950844906
98.90232558139576,4.651162790698212,413.38005396725276
4.34918566775173,-44.62540716612452,409.9617043472744
158.46292134831776,34.83146067416028,403.2457102489882
187.9092651757235,53.35463258786353,391.37849477429285
636.9777777777665,288.8888888888778,385.2452340033178
59.81408450704088,-15.492957746479664,386.29201214735934
200.0530120481979,56.62650602410103,362.1152808825324
2.5743589743582014,-45.512820512821264,355.1257169671289
622.2557377049055,280.32786885244695,365.77249480366436
5.498257839720456,-44.250871080140136,357.842188774018
1619.707462686534,799.2537313432649,387.5268207863693
-0.7048951048959147,-47.552447552448356,373.0448254483741
432.5350649350719,182.4675324675377,377.2907699903187
13.741342756182792,-39.929328621908944,367.4623515624236
765.3472924187581,354.87364620937456,376.5031468731642
1015.8181818181699,490.9090909090834,382.3356021125812
623.8337662337536,283.1168831168712,390.5417608809648
144.7025830258322,29.151291512916877,380.25472163239084
98.90232558139482,4.651162790697352,371.12321712361074
76.49096989966412,-6.354515050168148,361.87071677238765
1165.760854092513,565.4804270462553,378.11893673608216
-33.43255813953558,-65.11627906976815,374.4699219369278
1061.2273972602543,513.0136986301242,393.87369290371555
162.42077922078212,39.61038961039229,383.15954022244887
538.4151898734189,238.60759493670886,393.6917843184247
1474.9090909090628,725.454545454529,421.25182873202584
22.696402877696872,-35.25179856115187,401.0691393399156
536.2140845070369,234.5070422535151,395.47633290745114
580.4458781361891,258.4229390680888,400.46293854356935
936.6039525691549,441.5019762845721,416.1763322802671
99.76949152542451,5.084745762712782,389.45757370088205
13.60133779264136,-39.79933110367966,388.4128285269103
1224.4912280701512,598.2456140350737,388.45395346854195
1336.7398692810182,658.1699346405077,411.71497307638435
1402.4705882352666,688.2352941176312,429.5790564278057
1173.5623824451168,573.9811912225559,452.34340987875584
89.0688963210691,0.33444816053459936,441.0085655829552
-27.26412213740539,-61.832061068703105,437.309320876056
644.9967845659055,295.498392282949,441.15655068502105
1456.7877862595235,716.7938931297602,470.05936523374106
746.9857677902478,345.6928838951187,475.81760690533537
571.5333333333226,254.16666666665552,487.1624713741996
131.87480916030702,22.137404580154247,482.06814625156375
171.12490421456283,41.762452107283,472.04912938568907
14.821621621620814,-39.18918918918994,468.8072088769449
1549.9173431734139,767.1586715867065,499.70404754369184
850.2602076124411,401.7301038062157,513.53378087882
1263.3499999999797,621.8749999999886,536.1828216951461
892.6111111110957,424.30555555554395,540.4592800797299
135.32030075188192,24.060150375941816,539.089114666196
1016.4610169491341,489.83050847456394,557.440288493551
1146.4407643311843,562.4203821655908,580.2821200668195
18.627814569535595,-37.08609271523256,577.4854179312438
451.14929577465335,195.77464788732814,582.7502185432223
411.2168284789699,168.60841423948688,578.2349995572464
1053.6948453608074,508.24742268040086,598.1126147743219
22.696402877696844,-35.251798561151865,594.5654825909118
193.6108108108152,55.40540540540947,598.3862116276409
-44.1919413919417,-70.69597069597103,585.057258045704
562.8192771084256,252.4096385542082,596.2036784310781
1247.829429429411,614.714714714705,588.7661177659355
536.3391585760444,236.56957928801867,599.5069988395544
534.2097719869649,235.50488599347906,601.5404929805923
695.3558441558463,322.0779220779239,615.1727830085855
754.7374592833758,352.7687296416836,614.9605863458779
1296.364664310934,634.9823321554651,620.5715159957332
694.3636363636203,318.1818181818046,621.9821133983305
70.20200668896263,-9.698996655518588,620.4921018715931
698.3949843260052,323.19749216299766,632.4819550464855
494.36254180602737,214.38127090301546,640.8393864846126
543.6720257234682,240.83601286173183,628.3976099172316
452.8697819314709,192.83489096573726,638.1236567186518
733.324714828883,337.2623574144361,631.5656030700244
890.3233226836887,423.96166134184017,646.1236539392826
759.7850746268575,351.4925373134274,650.5510516343513
118.45000000000138,15.625000000001258,623.4218698161701
701.1936507936381,325.3968253968144,636.9918147744888
654.4508591065143,298.62542955325114,639.3565502664784
946.691856677509,453.7459283387508,646.6814698373048
1016.6113207546952,484.90566037734294,648.2816172010157
1260.5343173431577,615.8671586715767,671.4969137173704
511.4886446886428,222.34432234432032,681.4546598552904
52.12222222222138,-20.1388888888893,658.0072797383317
364.9560371517087,147.67801857585616,638.5716030957456
1505.3944664031444,741.8972332015709,640.6300806591031
772.2447949526759,363.7223974763378,632.6037289092543
535.0391459074665,234.5195729537293,641.5231339009822
580.0777777777644,257.63888888887556,653.6699718992857
26.157961783438484,-33.12101910828104,641.2931954436364
84.3219512195121,-2.4390243902436914,613.8438787428361
135.20000000000218,25.000000000001975,601.6081633870311
992.9481481481293,474.074074074061,610.0364596833273
510.04919093850947,223.62459546925334,617.5999473188914
440.5235474006188,187.46177370031114,622.9879201826125
-24.132441471572637,-59.8662207357867,622.2088389207487
18.627814569535463,-37.08609271523257,591.5830483486711
1016.6618705035735,486.3309352517821,594.9110816064936
469.75135135135747,200.67567567568037,579.0391086335212
-14.13658536585444,-54.268292682927594,560.9041547039822
864.4678445229547,408.83392226147333,575.4871055794038
657.4477508650368,297.9238754325117,568.3068402577217
359.04163822526226,142.32081911263316,552.5588577356033
97.43309352518048,4.3165467625906775,554.1349633147162
61.61716171617094,-14.191419141914375,546.3443206335465
155.66292134831718,34.83146067415966,541.2332424909334
244.73059936909084,82.96529968454755,525.0539575710992
141.31914893617216,27.65957446808681,527.4264124922686
767.8909090908928,354.5454545454402,538.9120144578701
469.658536585373,201.82926829268823,549.1890240174165
65.39999999999901,-12.500000000000414,539.2406384752479
82.7799331103678,-3.0100334448158703,515.939648548867
102.19842519685136,6.299212598426212,507.25683388128317
1065.0805970149013,511.9402985074465,517.8742503818419
708.5341246290674,330.2670623145293,518.1378159913063
467.08421052632116,199.34210526316244,512.3847510161653
577.4162162162042,258.1081081080959,498.0057820542707
378.3903114186905,152.59515570934718,491.6863155553721
35.835616438355096,-28.08219178082268,490.99898775036
-2.635897435898169,-48.717948717949454,476.9783701151219
200.54317343173872,58.671586715871086,471.10198274763616
-51.11794871794874,-74.35897435897441,459.20618325880787
-59.056346749225725,-78.32817337461276,448.9676606851939
588.3386759581726,262.36933797907943,446.06793990777965
382.12429378531664,157.06214689266017,435.90395932981227
1668.7624999999725,825.7812499999847,454.08350783727445
31.208304498268838,-30.795847750865835,452.3386739272398
261.452559726968,91.12627986348602,443.54385210590647
464.0912280701806,198.2456140350921,439.73665948517987
514.8417177914122,228.22085889570604,431.0996567074578
135.66201550387797,24.031007751939818,413.4806706024415
396.9391304347879,160.86956521739597,396.2087668642741
1760.799999999971,871.9999999999841,421.1949939705007
1376.0190476190269,673.8095238095112,447.67293047843674
603.4965986394416,270.74829931971436,452.44374170819145
1089.331958762869,528.8659793814322,444.1224915553859
482.26138613861406,206.9306930693066,438.32282337910465
393.0839694656552,159.54198473282943,435.4837198502684
93.74699646643131,2.4734982332159845,425.75710422404177
414.0893203883552,171.84466019417948,433.51573139614015
30.157894736841186,-30.92105263157968,432.4324502664867
-67.11724137930986,-82.7586206896547,428.3861054389005
114.98791946308742,14.093959731543812,410.82690086519966
121.17664233576741,16.7883211678841,403.04944989314475
517.861224489792,226.53061224489372,404.59620343492816
146.5856655290132,29.692832764507784,408.01056557493996
523.5183946488246,227.75919732440903,418.1083771765258
663.2540540540406,302.0270270270144,411.040220847535
365.1759036144641,146.98795180723394,408.94871189279723
407.8960288808719,167.14801444043792,417.3893641777317
39.03589743589638,-26.28205128205205,400.8807252359906
1385.735361216703,679.4676806083498,415.446477443024
577.885714285701,257.14285714284443,419.8233589642327
28.918771331057123,-31.740614334471715,418.4530725203502
716.2169491525271,330.50847457625815,431.5450682690774
1428.7936254979882,700.796812748992,457.0076823520708
515.1496503496481,225.17482517482225,462.4160633716819
495.62923588040087,215.61461794020005,469.5022651105665
67.17251908396878,-12.213740458015415,455.487897310428
850.3999999999805,399.99999999998505,463.1027265787201
329.54736842105785,126.97368421053096,468.38567394714136
38.1648562300308,-26.517571884984836,467.4933724095347
566.7189368770655,252.15946843852728,476.783782643139
422.585873605954,175.0929368029789,463.9338881749599
546.6721088435277,240.1360544217591,460.69664785924914
475.35609756098313,204.87804878049334,460.8620855999424
557.4775510203973,246.93877551019327,460.46331229602634
76.92818532818524,-7.335907335907111,454.4340697742162
-54.124137931034376,-75.86206896551715,452.6348746868284
195.3540636042445,55.47703180212416,456.5946739076313
704.5052631578765,321.05263157893154,466.673915702154
-51.30510948905113,-74.4525547445256,466.6701724867319
1252.0743494423616,610.0371747211796,492.8927864105637
77.11168831168749,-5.8441558441561945,482.66824665763403
621.9240875912279,279.5620437956076,487.46424253375227
1063.1892255892028,512.7946127945979,475.3527770455368
1553.1692307692028,765.3846153845996,505.7919955709554
143.41873111782715,29.90936555891448,503.4313189987726
447.6730897010037,189.03654485050373,503.1029562313891
1184.1046979865555,577.8523489932753,516.488215835292
539.6913385826678,234.64566929132928,524.5688022968678
843.9972789115518,396.59863945577143,533.509965266403
116.03194888179041,15.015974440895693,500.6146042440394
52.70534351144957,-19.84732824427517,474.14833016188794
59.73067729083586,-16.33466135458197,463.27301173491577
1285.36296296294,631.4814814814682,467.19363181891714
625.8666666666525,283.33333333332047,470.06573742947796
1125.286219081254,546.6431095406241,484.70978242179
1297.4996784565656,639.5498392282811,508.7848360615927
-61.8662207357856,-79.93311036789265,499.2657252391099
-27.442424242425002,-62.12121212121289,498.1137188595245
-24.132441471572683,-59.86622073578674,498.9734148576793
1484.1246753246455,737.6623376623224,526.3561499749104
322.4296819788039,122.61484098940403,530.3812107677712
441.000000000006,187.5000000000047,528.8439862779754
193.4310231023149,55.11551155115938,529.7808934294414
243.26946107784988,82.63473053892702,524.1759147580219
535.7999999999936,237.49999999999346,521.6268336769409
476.1743589743621,204.4871794871816,523.846802784139
1044.5922077921903,503.8961038960915,536.5807263623653
586.9379310344673,262.0689655172271,547.5387670343367
1614.2768060836165,797.3384030418065,552.109595931675
1312.149174917473,645.8745874587347,566.7948651443105
437.9707317073239,186.58536585366352,574.9759043518357
1509.4474820143587,745.3237410071779,590.8405150090724
242.82361623616777,80.81180811808605,567.121114823836
535.9176470588181,234.55882352940583,567.5364747580194
479.66542750929557,204.83271375464795,567.2171985905974
412.8666666666735,170.83333333333866,574.1310815422514
278.55840455841036,102.27920227920723,562.69424963342
1608.0204379561744,797.8102189780866,588.2637110241224
482.06486486487097,207.43243243243722,597.1417111968192
170.26666666667015,43.33333333333655,589.2126657926112
52.61229773462695,-19.093851132686563,581.8131942751847
674.112820512808,310.2564102563987,584.3620085085703
81.77081850533673,-3.9145907473317734,576.4903029274574
621.9135135135019,281.7567567567456,577.7790221773195
24.963988919666594,-33.51800554016698,576.739738249149
400.3474452554812,162.77372262774264,585.8291699128794
694.3908794788163,320.19543973940375,595.8099062303708
245.78932384342204,81.49466192171326,586.6355874440817
90.18888888888904,0.6944444444448155,589.4654674116406
259.3103448275915,89.65517241379791,569.6101873193452
121.17664233576815,16.788321167884753,570.4914863998267
636.170491803264,286.88524590162547,570.7764144840675
409.1477124183068,167.9738562091554,557.6955842206496
864.3499999999855,409.374999999989,543.9191996052652
316.4000000000058,120.00000000000483,547.3788249829089
277.89281045752205,99.34640522876316,543.9832193980392
723.965217391291,334.78260869564036,534.7804297861338
395.0000000000057,162.50000000000458,531.8866030144807
55.70106761565711,-18.149466192171563,516.1206787885628
612.4174927113621,279.00874635567675,526.0483896651542
41.67021943573549,-24.764890282132473,525.8276871836399
1093.0781456953487,529.1390728476719,546.4946365517302
271.9393939393996,96.96969696970191,526.2261651712594
581.6727272727179,263.6363636363541,525.3422863833807
309.81818181818704,115.90909090909557,509.03292563811937
903.1440559440416,427.9720279720167,501.14581318786884
1083.7874999999808,521.0937499999866,524.0588876025842
400.75155709343096,162.97577854671746,532.6227672293012
439.02857142857806,185.71428571429075,541.8859874873043
430.03636363637,181.81818181818682,520.8042212535388
1315.0407294832635,647.7203647416303,540.656442203628
169.38536585366217,43.29268292683261,535.2241495207011
192.72483221476978,54.362416107386785,535.2100257029502
699.4538205979916,321.92691029899044,544.3337128933531
161.51578947368725,38.15789473684497,536.8480286828269
437.085714285721,182.1428571428624,536.0662557890541
1512.1152542372638,747.4576271186312,545.4167167179555
754.097902097888,351.0489510489389,548.7599161392241
306.89876543210465,116.04938271605431,522.6123553261938
521.746964856227,229.07348242811116,506.8043111249689
79.61118881118892,-5.594405594405179,499.63712026704604
1605.8352941176151,794.1176470588067,501.56487650911134
653.998798798787,299.39939939938796,509.78838016036366
1378.9756097560721,680.4878048780346,526.6495394143087
1063.926688102873,517.3633440514342,538.3347646261802
925.3369127516617,440.2684563758261,548.5841695478802
1216.978723404235,591.4893617021143,567.3525759247965
1119.0105263157634,542.1052631578782,557.5723776919882
1717.54068441061,850.570342205304,582.2818940829031
190.36723549488522,53.58361774744446,582.6839054594674
499.32063492063367,217.46031746031582,591.6180722031876
1692.2035587188366,839.5017793594176,611.9798869673081
1380.099999999973,681.2499999999857,637.9464705972008
499.6347826086932,215.21739130434503,635.5008959791046
1042.452173913028,497.82608695650947,655.8506596789719
151.81160409556497,33.105802047783186,650.8799428557736
185.6254681647982,49.81273408240094,640.7046346294932
601.2844290657315,270.2422145328602,647.8145367339393
632.0344370860803,287.4172185430347,658.6514476978831
904.2303030302899,426.5151515151408,671.5498468619371
127.0366197183105,19.718309859155532,671.6670464095879
1490.011111111082,736.8055555555402,688.7438587957444
62.81379310344703,-13.793103448276566,681.8171804094471
267.35510204082135,93.87755102041268,669.8772824502637
1338.0728744939004,653.0364372469477,690.3107399401418
42.53763440860092,-24.73118279569974,685.6036364191634
499.8530612244955,216.3265306122495,681.1213932958276
1619.249612403085,799.2248062015408,705.606385543889
627.342960288794,282.6714801443911,717.0392233973519
456.63783783784413,193.91891891892388,713.9236302998813
1101.6245733788141,534.8122866894041,735.122717378743
1543.0344827585905,765.5172413792945,744.1218441200078
384.84705882353506,158.82352941176936,746.3799974176904
707.1401360544075,325.17006802719806,748.8893455933243
1354.9042145593721,662.4521072796858,769.7910662481478
329.3616724738731,126.48083623693864,758.3154185787447
32.50588235294012,-30.147058823530198,737.2897862258038
943.2907801418296,449.64539007091145,748.1405706867719
606.5865889212714,276.09329446063003,751.4917310366259
205.63232323232825,61.61616161616621,747.0036502285449
-12.432298136646697,-53.41614906832372,720.4541896761465
54.76162361623526,-18.819188191882372,718.1617148313982
1594.123076923049,788.4615384615238,746.1896797255636
1422.3999999999774,695.999999999986,760.6486033136034
358.7857651245614,141.99288256228272,764.594002826621
260.4000000000053,90.00000000000472,761.0602885409068
634.7726027397139,286.9863013698518,743.5134355109556
117.70847457627247,15.254237288136792,730.7856469605232
934.9917159763173,450.2958579881555,743.3475059714075
810.5984732824284,377.09923664120925,749.1245361399317
200.1014084507092,58.450704225356674,751.534340532722
1591.8515901059807,786.9257950529886,751.2546664524893
1670.4606060605765,828.0303030302874,771.5839025977251
744.5499999999863,346.8749999999884,758.8953904026034
1134.7255813953286,551.1627906976612,760.3113682684525
660.1698630136842,300.68493150683656,755.0080272736928
324.7459459459518,122.97297297297806,737.1633717245271
126.33043478260988,19.565217391305467,717.3097698938641
1320.2442953019886,648.3221476509923,709.3638421116917
539.0098360655666,237.70491803277937,716.3366941231054
1409.3538461538237,698.0769230769115,734.5373583477692
386.72047477745434,158.1602373887291,708.4276966689416
289.09090909091424,104.54545454545928,686.6075148507604
1583.0437710437402,785.5218855218694,708.2756946194611
-44.568078175896,-70.68403908794814,686.535289577683
920.6255033556884,436.9127516778394,701.9115675628854
1636.581818181798,809.0909090908974,730.9306945632253
1423.0421768707304,702.7210884353641,747.3658495193253
-36.48590604026902,-66.44295302013482,733.9954426567984
208.6666666666718,63.33333333333807,720.084169929526
1473.6822695035244,726.2411347517605,747.0170829252302
1041.1471698112994,503.7735849056469,738.0398040992345
563.9999999999894,249.99999999998923,748.0635282371654
1643.7714285713976,814.2857142856976,775.591854767777
1225.2345679012165,600.6172839506073,773.3350886359232
28.03131672597773,-32.38434163701141,773.0449622822707
584.5379310344692,262.0689655172289,774.7386596784704
487.3508196721367,211.4754098360698,752.1006838238513
401.2226950354675,162.4113475177358,747.5782785187846
97.83309352518066,4.316546762590862,740.4021836325315
402.34456928839444,162.17228464419935,726.416583550723
1049.8984126983944,506.3492063491933,716.5538621495191
541.4966887417131,237.7483443708522,719.6868547478826
755.4909090908947,354.54545454544245,720.6538702086124
420.5707006369487,173.8853503184763,701.9671999301639
508.34146341463384,223.1707317073154,705.5467957489792
556.3254237288025,245.76271186439587,716.0231865764965
768.1058365758599,355.25291828792433,712.519487705177
1561.899319727873,774.1496598639354,731.6257423213091
435.4666666666733,183.33333333333852,736.2224291899961
1693.1636363636057,838.1818181818015,770.334347880001
589.6345047923194,264.21725239615324,781.0318055035226
311.25695792880816,116.82847896440617,755.3744831236379
1642.0782287822685,811.4391143911329,759.7680476992837
57.01353383458578,-17.29323308270703,753.7326030734843
691.7581120943826,318.8790560471856,762.3597653153716
1631.9920529801138,810.5960264900566,782.3041543201797
1391.704593639553,684.4522968197748,807.7840767014453
1009.3419354838547,483.8709677419233,809.2710810915961
1630.8300751879372,806.0150375939671,825.6757131297061
1688.3783783783424,839.1891891891707,855.4412525282589
734.2885245901493,339.3442622950694,838.2899912179423
57.66498194945761,-16.96750902527113,806.03407873572
126.25974025974207,20.129870129871826,793.6682735409149
37.854545454544265,-27.27272727272811,771.7308528220992
685.9727598566155,312.1863799283015,772.2469107589582
1702.039735099317,847.0198675496582,799.7927865420253
1408.6068965516963,693.1034482758466,825.4383157774071
943.6392156862565,449.0196078431234,817.9062141850924
56.86722689075519,-15.966386554622451,808.2633620015963
8.464864864864023,-42.567567567568354,780.245582375817
1567.976811594186,773.1884057970917,803.8707091121516
620.3555555555531,277.7777777777753,810.4960020414443
1254.0635761589242,615.231788079461,803.9163981437481
872.2113712374436,411.70568561871767,822.2519871320147
985.9517730496293,467.3758865248099,823.5585125258935
1523.3037037036756,751.851851851837,821.2929502363312
708.9150684931365,324.65753424656276,807.0104080687794
1508.0705882352665,738.2352941176309,837.90153795429
1614.379797979766,798.9898989898818,866.0158005805519
-67.35342465753374,-82.87671232876664,835.1950866973307
978.5389121338719,460.66945606693054,833.9429215437823
1032.968770764099,494.68438538204566,843.3222969590644
494.7987915407915,214.19939577039742,820.3428442184523
423.05454545455086,172.72727272727752,804.299243769519
296.06250000000557,107.03125000000503,809.6598674349996
322.65987261147035,122.92993630573719,804.4223062665395
191.29230769231222,53.846153846157975,798.501136026943
455.47878787879324,193.93939393939823,799.5862578838095
1400.0680851063607,687.234042553178,825.6309577154332
441.57073170732417,186.58536585366392,826.4154809638117
165.3954887218082,39.097744360905594,808.72542248428
84.50855018587379,-3.34572490706273,799.5856597131632
697.8378378378242,318.9189189189063,798.4325982881019
1472.1059936908264,729.6529968454123,819.4633041491794
228.66466165413613,72.93233082706834,813.8697681139694
615.9169811320596,277.35849056602336,815.0615992620344
628.4131147540859,283.60655737703723,812.267744825599
1644.0164383561323,817.8082191780658,813.9100871981642
914.0173913043346,432.60869565216336,823.4811016909174
261.75238095238615,90.47619047619526,794.8528765826929
481.2715231788079,204.63576158940367,792.6856169504229
689.4580645161146,316.12903225805144,800.2496390821689
545.2315789473621,238.81578947367788,778.3127060854708
636.2285714285571,285.7142857142725,789.8970068373502
569.8979865771673,252.34899328857736,787.4598043270059
370.85390070922625,148.2269503546151,762.2370412815882
233.34117647059355,76.47058823529889,739.0697729382091
1127.9647058823348,543.3823529411644,741.4422283461786
533.2067796610087,232.20338983050027,719.48976243564
597.899337748333,267.5496688741607,697.68018162304
64.3130434782604,-13.04347826086957,684.2806720008022
875.058227848091,406.3291139240421,700.6285369187748
803.4494464944487,372.32472324721834,714.1723310434691
1687.6361010830153,835.0180505415066,747.1679621560384
118.31125401929413,15.755627009647723,735.814732039292
31.417629179330213,-30.091185410335147,702.4022899208924
678.7534883720807,306.97674418603447,687.8052217572999
1564.6686567163886,773.1343283581928,700.2258105779024
155.29337539432507,35.6466876971638,702.1943335479737
315.2761904761966,120.23809523810027,708.3305600602005
1412.8055944055718,697.2027972027851,705.2271357164282
219.1000000000052,68.7500000000048,697.2020246053174
-73.12982456140287,-85.96491228070111,670.6581565909108
1192.5081081080862,579.05405405404,677.0640913283237
195.30256410256888,57.05128205128635,661.2511071493824
1097.442145593849,524.5210727969197,652.7338759871859
405.33333333333985,166.6666666666719,646.6622412839899
932.3063829787072,442.5531914893487,635.1469571788588
588.9521126760427,262.67605633801446,614.6384034727843
964.1235880398484,461.4617940199207,635.2679437267319
562.0904024767691,249.84520123837916,626.93897353359
1709.2602739725694,848.6301369862839,640.4648035977593
-66.38873239436573,-82.39436619718265,629.2410531190561
1288.882943143789,632.4414715718929,646.5576210728409
668.323809523796,304.76190476189225,654.0028472633168
1183.5525423728604,574.5762711864273,671.2207006585446
970.3167785234832,463.75838926174094,686.8011900751679
1023.4972762645718,487.54863813228076,698.1615598428835
681.298422712918,313.24921135645343,683.7861665950148
424.61686746988596,177.10843373494487,683.447089310266
1542.5521126760273,762.6760563380127,710.9902217893504
161.21837455830698,37.80918727915484,712.5244182767991
1004.9492537313288,485.07462686566146,718.6666465946691
1717.6368600682224,852.2184300341103,723.577263922217
405.18653198653857,165.99326599327125,727.1077013288651
1385.9270440251257,686.1635220125621,742.5079025867265
84.63973941368096,-2.280130293159181,731.6324350799182
563.0291262135802,249.5145631067846,710.0126888370671
1215.4967741935302,593.5483870967622,716.0422764948511
680.42547770699,314.01273885348996,724.4157384299433
527.0341463414612,232.31707317072838,725.3309908931963
136.92030075188217,24.0601503759421,714.2802356179116
416.8122699386555,173.00613496932965,711.7118494377376
603.531034482743,268.96551724136486,711.0578986988214
1094.4634304206897,527.8317152103411,721.5492075756919
21.178378378377484,-35.81081081081159,714.5556971290747
1077.8035502958405,521.3017751479172,731.4449446055796
341.25367412141213,133.22683706070805,715.7107239703612
1638.6810810810464,815.5405405405231,737.820209998762
540.7328467153202,235.7664233576555,736.6768801781017
593.4687258687111,262.9343629343488,747.2599938259107
120.15873015873206,15.07936507936677,732.1620038721236
1302.6309859154692,635.9154929577318,742.145634660544
1225.234567901212,600.6172839506039,732.8976039969078
99.28435374149723,5.442176870749041,732.5170659913518
1306.4211920529624,638.4105960264785,758.0171372488246
445.8265734265789,186.71328671329132,753.3585989499146
1610.6137184115355,795.3068592057663,754.2775001838177
1277.1050167223852,625.752508361191,776.7137330103787
-36.285501858736666,-66.54275092936865,769.6824991636801
756.1068592057587,347.6534296028733,756.5485244596837
1379.904761904735,680.9523809523662,779.7646196977782
1456.4996336996128,716.8498168498045,810.3572088629986
1566.2093457943583,778.504672897179,817.831233616724
780.0924092409098,362.0462046204495,829.527030519491
360.00300751880326,140.60150375940378,814.7782477579901
1505.5894736841826,745.3947368420903,836.7833705650067
1064.3832167831995,508.3916083915949,839.4249072410968
-34.63448275862132,-65.51724137931099,826.9531753324035
1128.3972318338929,543.5986159169423,830.2386482082844
1631.0544169611014,808.1272084805495,851.617928497971
1432.035179153066,707.8175895765318,846.0734266015809
939.9786833855649,448.5893416927783,866.2007749171794
1446.7305389221244,717.3652694610613,869.3577268327459
1411.9765472312415,694.7882736156192,884.230781586895
1038.6503597122087,493.52517985609927,881.332737933682
230.17039711191853,73.28519855596156,866.5298103054506
643.6101265822656,292.4050632911275,858.9320673118048
1673.913307984756,827.7566539923768,878.7843650172415
409.172881355938,171.18644067797078,878.4754852949623
1648.9962825278558,814.4981412639263,880.6043686919991
1398.1333333333134,691.6666666666559,905.3426678674992
123.63223443223626,17.21611721611889,887.7163274815175
1296.4058651026112,639.002932551304,879.2917075822052
1201.0691823899106,585.5345911949528,895.2093605902726
777.4606271776825,359.93031358883496,883.0400322533236
1576.679699248089,775.9398496240425,912.8808314500118
630.912280701737,282.45614035086146,914.2384945397748
698.790879478813,320.19543973940057,903.9043766454805
88.13554817275767,-0.3322259136208,892.058578054796
213.55820895522936,64.17910447761699,885.7890593070713
935.1160839160689,441.9580419580292,901.752974970355
208.50974729242364,62.45487364621394,897.5869245174304
257.74889589905945,89.27444794953189,890.6712817457567
1504.8624535315744,736.4312267657842,898.8792622079744
691.5700374531666,311.98501872657613,912.2870953894703
321.064638783276,120.53231939164016,897.1523171592189
1474.064516129014,729.0322580645059,919.808533999371
1723.3767441860314,853.4883720930146,921.5024472614708
1573.0246575342176,776.7123287671077,942.1482834778487
1587.2333333332997,785.4166666666484,962.0235756271404
1569.085893416896,777.7429467084478,991.0021188923037
1246.2666666666464,608.3333333333204,989.8748325073273
579.3634551494871,255.48172757473628,976.9574102522929
956.6020618556549,456.70103092782387,994.103764414576
1482.6666666666438,733.3333333333212,997.6286739068496
1046.2134275618203,500.7067137809055,1009.6364109895543
1545.4911564625686,763.9455782312831,1008.333959750575
250.26301369863563,84.93150684932002,987.7971196900997
1610.092430278864,788.4462151394285,1020.7246783328519
1604.3788778877702,794.3894389438842,1037.6901187064923
1676.3999999999787,819.9999999999857,1043.6200234683972
139.03157894737092,26.315789473686486,1017.2706623733521
496.66666666666583,213.3333333333317,995.8798087907983
747.0617283950498,347.53086419752026,995.2191951738812
1520.1800643086533,752.0900321543254,1018.4227363096782
1555.937366548019,764.7686832740071,1019.429694166955
1614.3999999999792,799.9999999999889,1030.4300298312905
298.7824175824228,108.79120879121362,1037.0983678381115
1605.0068965516941,793.1034482758458,1046.6305611324674
595.4322580645016,264.516129032244,1025.9181179545353
1259.0666666666466,613.3333333333203,1022.458747704807
1177.2281690140624,569.0140845070272,1027.203737417377
537.3655172413715,234.4827586206821,1009.016436983762
1732.4087591240545,856.2043795620258,1015.4250812216181
179.0149466192212,45.90747330961235,998.2323729597585
1642.2945848375298,809.7472924187634,1026.4748567142708
1579.4248175182195,775.9124087591072,1045.19115053299
588.8612099643988,259.4306049821923,1023.4901085725828
1515.9865771811792,748.9932885905882,1045.6263824890875
615.638709677409,277.4193548387001,1024.9592310320786
488.22127659575165,208.51063829787773,1006.7609898973274
1469.2129032257913,725.806451612895,1033.6726032731985
574.6801223241466,254.74006116206678,1019.2380884176292
991.4388059701355,476.1194029850639,1015.0454808892338
1504.8111498257583,743.205574912878,1029.5924913421952
33.4141414141404,-29.292929292930058,998.7271801855162
1436.464864864835,707.4324324324156,1014.838231868778
1616.662499999976,794.5312499999856,1033.1956642792015
1160.3259786476667,558.3629893238289,1054.6394728886996
854.2364261168233,401.7182130584066,1067.4530372319316
1457.0527881040687,714.1263940520331,1077.8917713156914
493.17762237762145,211.1888111888098,1083.5851288173953
1655.0939068100124,821.1469534050061,1111.5320290356144
1680.9138686131068,830.6569343065519,1115.053057337245
1481.7325227963288,735.8662613981638,1130.8563070441082
105.821782178219,8.9108910891101,1126.551449912007
1526.6092715231598,754.3046357615785,1127.60234501989
66.42517482517437,-12.587412587412553,1094.463313632673
740.7444444444301,340.9722222222091,1077.8177093708773
1428.840133779236,706.0200668896172,1074.649845379796
1037.5999999999844,499.99999999998875,1064.0201275114578
1038.0111888111746,494.40559440558354,1059.855017954348
1599.8571428571163,783.9285714285566,1080.2648917085007
1440.7290780141652,704.9645390070804,1089.947432031671
1738.4111111110747,861.8055555555363,1095.0623209205596
1666.151351351315,825.6756756756564,1107.4610793963495
1035.054545454523,492.72727272725615,1097.2523471761886
1693.9404255318912,836.1702127659437,1126.1258954128537
801.2460431654501,371.22302158271907,1109.9489676705853
1713.5203065133928,846.3601532566946,1112.1317962430978
137.6000000000022,25.000000000002117,1081.3557962430984
551.453237410063,241.72661870502682,1089.6042294123522
1611.2666666666323,795.8333333333143,1111.8962294123514
662.8780487804768,302.439024390233,1110.21255582006
213.90191570881723,64.75095785441087,1084.0869928480633
167.50175438596844,40.35087719298574,1056.3182806048223
1439.376623376595,711.6883116882963,1052.8178130723545
46.646153846152814,-23.076923076923674,1047.775087797629
647.2923076922922,293.8461538461397,1028.6207960204413
1387.7139072847494,681.4569536423724,1044.466429004846
1828.7999999999633,912.5999999999817,1055.8610956715127
1637.5033557046681,812.7516778523337,1065.0665994053247
1622.397553516785,805.1987767583915,1086.767240130833
1636.1979933110013,809.6989966554992,1084.843024814572
1604.7788778877696,794.3894389438835,1113.3583034399428
1596.129032258039,783.0645161290166,1112.434992388353
656.2624999999845,294.5312499999852,1093.9717460379882
1039.2922118379888,501.24610591899125,1102.98036607546
883.628469750874,416.01423487543207,1090.3332039268541
1621.2575163398328,805.228758169916,1110.4455800601024
1684.1971830985572,833.0985915492769,1134.3650981901585
519.2672566371638,227.43362831857905,1115.366185258386
571.0063694267374,253.50318471336246,1115.2927102004378
194.36309963100106,54.98154981550244,1099.351196073655
1711.1529411764557,841.1764705882255,1103.478031900669
1420.0431226765563,691.8215613382745,1131.2106115259176
1620.9245033112402,800.6622516556187,1134.8998042948456
1531.847349823295,755.1236749116458,1133.203501291312
491.45316455696195,210.12658227848002,1119.8260450094976
1104.858471760778,531.2292358803847,1124.838485922377
434.640559440565,179.72027972028454,1104.3902413491069
1701.3248226950116,843.2624113475046,1128.5531853554548
1745.0072992700402,863.5036496350187,1130.3514532046552
582.9008902077015,259.0504451038439,1108.3911936365473
1658.8281690140536,819.0140845070254,1111.9331065609017
1278.1454545454321,627.2727272727144,1135.379580008246
530.0660066006536,230.03300330032334,1115.4487147097957
53.57216117216042,-19.413919413919725,1115.1916544367355
679.4913738019034,308.9456869009455,1113.966593023885
1059.8805970149142,511.9402985074553,1106.5874022885985
704.4946564885349,319.8473282442608,1099.9252954183694
546.4452830188585,239.62264150942462,1090.0939773025232
546.0563380281604,238.02816901407556,1069.0179612059442
543.2315789473593,238.81578947367524,1051.068011224608
1197.8941176470394,580.1470588235169,1040.2576713553274
1080.162237762222,518.8811188811071,1028.5378890835455
657.5262411347398,297.16312056736416,1020.9873229971496
740.525085910638,339.86254295531324,1001.9190162047246
1688.0210526315504,834.2105263157738,1019.6545163940467
1584.6888888888566,781.9444444444265,1017.077888041556
433.69150326798024,181.04575163399204,1022.9997181069156
691.338129496386,313.66906474818654,1025.7974159486419
631.6056338028038,283.80281690139543,1006.2041952913655
721.2689655172239,331.0344827586065,1007.3720136261004
1141.6911032028274,551.24555160141,1025.9277973759804
1059.4959107806483,505.94795539031924,1043.767680503874
644.3278688524451,290.16393442621614,1027.8667054133912
1265.8289752649987,617.314487632497,1052.250361841768
44.574233128833264,-23.31288343558356,1040.196000350499
1496.6721088435204,740.1360544217591,1042.3751643816743
1550.3499999999767,759.3749999999853,1036.8061643816745
620.8815533980423,278.6407766990145,1016.473728335542
147.19067055393862,31.195335276970432,986.969590676285
1331.2481927710655,656.0240963855322,980.8705946654865
460.9416927899737,194.67084639498813,957.9938509635306
593.2727272727143,263.6363636363508,937.9367248638239
1590.6120805368819,785.9060402684397,956.623716474562
1554.6366197182797,769.7183098591388,966.9306046321678
15.205369127515834,-39.59731543624242,949.5621426197006
1397.7999999999768,687.4999999999872,945.0929922929035
1463.8976430976131,721.5488215488049,940.6870014928846
793.906918238974,368.5534591194812,946.1797947249206
670.9553956834375,302.8776978417124,948.1787752500549
1296.5454545454304,627.2727272727108,970.2224223483436
1561.0657342657073,767.1328671328512,967.2206782101284
1541.4635451504691,759.5317725752325,969.6490866596065
637.6442996742536,287.6221498371204,949.9834825868671
1546.272118959085,758.7360594795404,950.2719779695828
1044.8980132450151,502.64900662250375,961.3408749433439
1500.3272727272429,736.3636363636188,969.250250962673
1310.4307692307507,644.615384615374,986.7660551584768
1681.215884476517,831.4079422382573,986.3638763941069
1733.180669144954,855.3903345724748,986.1273437916052
1570.399999999972,774.999999999985,1005.8773259874506
1590.2376383763644,781.9188191881801,1004.5055153746969
908.5505535055195,427.67527675275437,997.1136173538985
1549.8840579709965,765.942028985497,1017.5099783813054
108.6405693950191,10.320284697510113,1018.6113465457627
1373.820408163248,675.5102040816226,1032.4979272329897
1180.370568561857,575.5852842809276,1034.9077266639283
1385.1445255474202,677.3722627737071,1048.5207240451061
1427.0236421725017,705.1118210862497,1066.1322912281787
1574.3211267605325,776.7605633802646,1086.6975870028261
1354.867532467509,666.2337662337534,1102.9303060732293
1541.6322147650717,762.416107382535,1109.80506801559
633.3194029850621,288.05970149252533,1100.8682113200468
1654.9212543553726,819.8606271776853,1120.8161115844596
1521.1867549668682,750.9933774834324,1136.429344965584
1498.5297658862578,739.4648829431278,1132.6395192306782
1653.272131147508,809.8360655737506,1134.0111840758511
685.9178082191618,310.958904109574,1139.055710174875
1372.2329113923881,675.3164556961929,1152.673605812795
1577.8417582417371,779.1208791208668,1171.5983283015737
1575.4921501706153,780.5460750853068,1188.6827919946415
1326.8859934853176,652.4429967426574,1192.3866898002912
525.0666666666718,233.33333333333653,1181.6981049180117
1429.8402826854885,702.1201413427426,1197.4083531946726
1428.2402826854895,702.1201413427434,1200.6565793430825
1417.9999999999773,699.9999999999876,1228.1250946805053
421.3241379310407,175.8620689655221,1206.6181352622557
1452.7404530744082,718.7702265372034,1204.6659443237443
1565.261538461511,769.2307692307533,1223.553544025014
1631.3491525423456,808.4745762711716,1253.2367136647817
1458.8888888888578,719.4444444444273,1255.7895275871376
1601.3516728624281,788.4758364312119,1278.5977271885868
1490.5978647686616,736.2989323843298,1296.5442299385059
24.183908045976036,-33.908045977012264,1265.2156664886877
1422.2490066224993,701.3245033112488,1262.567914226772
1395.8163522012308,689.3081761006151,1290.1801338882462
1516.029850746242,747.0149253731198,1292.5447309031715
1661.875862068934,824.1379310344662,1296.504295282598
1468.9058823529156,719.8529411764557,1310.0042745648766
626.3731629392827,283.386581469635,1309.1126299099938
1452.229283489065,719.314641744532,1312.2263064888664
1460.0888888888599,719.4444444444285,1310.2067695813294
66.07567567567486,-12.162162162162476,1280.6990121918336
1662.7754512635217,824.1877256317601,1301.201635223619
1453.1736263736077,713.186813186802,1299.3396653719094
1535.0697068403592,759.9348534201788,1309.1430992438163
85.80419580419598,-2.0979020979016756,1280.8526377053554
896.3761194029652,422.3880597014775,1272.5715447087996
701.8994011975917,325.14970059879164,1252.985215043221
1139.1365079364873,553.9682539682411,1241.1043318190518
556.8744186046406,248.8372093023155,1220.833820191145
1181.3017921146743,570.2508960573336,1212.6551032659113
481.5290780141863,204.964539007093,1204.1146737560846
1597.7117845117525,792.2558922558754,1205.0712282869
104.94915254237381,8.474576271187452,1204.9973999498468
1627.3180811807915,804.0590405903943,1210.0673534101977
252.72982456140863,85.96491228070644,1191.5145385301887
612.7197132616336,272.75985663081,1176.066042284473
442.51014492754257,189.85507246377273,1156.3757723395738
1156.8338983050644,561.0169491525294,1148.0260277704645
1292.131468531446,634.2657342657212,1146.7713064917432
1605.3754152823724,793.6877076411849,1148.0461705020891
1474.9343065693174,728.4671532846576,1164.8784685737744
944.0789297658723,451.839464882933,1150.6616220819842
1314.8681388012405,647.6340694006194,1146.5352497586719
1436.7247386759332,708.3623693379651,1145.2991492144654
1330.284745762693,652.5423728813462,1138.8394015067688
1612.278787878759,793.9393939393776,1157.3666210999609
124.6412213740476,18.320610687024548,1132.414787299594
146.98631921824386,30.29315960912305,1103.7976785191242
1398.2451612903058,690.3225806451518,1100.2527387415182
40.799999999998846,-25.0000000000008,1074.5310188718117
1148.644444444425,559.7222222222106,1087.0025744273669
1500.1588652482046,736.8794326240999,1088.4089460786213
1495.758865248205,736.8794326241008,1089.7593177298756
1233.8378737541314,604.3189368770638,1086.0760752049584
1473.7403508771629,728.0701754385803,1107.124399463881
429.6183908046045,181.60919540230404,1086.6619582184849
-22.76734693877628,-59.18367346938854,1054.9013805104794
1510.223754789256,742.9118773946265,1052.4788725554174
1679.0857142856833,832.1428571428407,1056.882809063354
1564.360902255607,772.1804511278019,1056.1429936512175
1289.0379421221628,633.1189710610798,1052.1117951982874
1400.788888888861,688.1944444444287,1079.6438948151454
1597.777777777752,788.8888888888744,1083.1544702382503
1600.3222222221889,792.3611111110932,1087.2445876386694
1533.791304347807,758.6956521739022,1087.5998167107005
1418.8149812733875,694.0074906366907,1082.7385990947898
1623.428373702403,803.1141868512001,1085.8290489217795
1465.8084690553437,724.1042345276707,1102.6177550441007
1607.9858657243537,793.9929328621749,1105.7328866888065
1413.9483870967579,696.7741935483781,1104.8100766529644
1446.0956228955945,711.4478114477953,1132.4104755973628
1510.8327402135005,743.4163701067481,1129.3716213763626
1514.6474820143608,745.3237410071789,1130.6010984891775
1102.6084142394602,534.3042071197269,1121.9518726371596
1544.2344827585891,765.5172413792938,1151.1204783762475
985.114191419126,470.9570957095589,1152.8952398165704
980.0503311258119,466.2251655629015,1158.458258415135
643.7418439716173,290.0709219858021,1148.5503651358376
1454.9714285714024,714.285714285699,1166.5123053351729
1588.7548638132116,779.377431906604,1174.6613667691436
1482.663945578212,729.9319727891041,1194.6840641204242
1571.121126760532,776.7605633802643,1194.1522509653996
1553.0805970148974,761.9402985074462,1223.1148798548502
1576.8071174376985,779.0035587188478,1222.1046605799884
1430.7874564459707,701.3937282229831,1245.6658132176794
1437.4567901234293,711.7283950617137,1262.1605547549154
1544.3098591549012,759.154929577449,1284.1965490394625
629.2767676767531,283.8383838383704,1273.6454064268964
1588.723024054953,783.1615120274748,1279.5772375373665
1536.3236641221179,754.961832061057,1278.1962025141613
1468.9052631578647,721.05263157893,1278.0756216459324
1536.6349206348918,760.3174603174452,1289.9267414633127
1490.2036630036425,731.5018315018191,1293.433451947361
1470.2585034013441,723.1292517006707,1294.1041272418693
427.6332179930849,176.81660899654446,1276.051096686477
1029.26775244298,492.8338762214862,1264.3908759777614
1165.249586776844,557.0247933884174,1285.2030432858173
1567.7818181817904,769.0909090908924,1313.6189532650883
177.84477611940707,45.52238805970527,1289.2109455616703
475.77435897436237,204.48717948718195,1297.9104327411574
1541.1236641221174,754.9618320610557,1305.7600171347115
1527.298054474688,748.2490272373416,1306.3028009192412
1369.282051282029,675.6410256410134,1303.7732646399174
25.7107871720106,-32.944606413994975,1279.610722908275
1563.5578059071534,764.9789029535738,1281.407072008875
1464.9384083044843,720.0692041522411,1302.1134723588725
1558.394366197153,766.1971830985741,1333.7367066215913
856.6699386502955,406.13496932514494,1320.6656302988115
159.9272727272759,36.36363636363934,1290.2824614676435
808.3288025889804,378.9644012944856,1275.161819474311
1519.0237547892534,742.9118773946234,1279.7615357276527
1015.4016997166963,494.90084985834744,1272.0537919442097
396.53913043478923,160.86956521739666,1248.0290189973502
821.8970297029545,385.14851485147204,1232.4605151469655
218.13333333333867,66.66666666667166,1206.147355726676
1365.1537953795225,668.9768976897599,1205.0741320087989
796.7722397476134,373.18611987380126,1188.541009329703
555.4091185410252,246.504559270508,1170.3330223194168
986.5383458646423,467.66917293231677,1157.9040719222226
1593.5058823529118,782.3529411764532,1161.4952218273456
1431.4531645569416,710.1265822784704,1161.2023726605728
1492.5754385964638,735.0877192982307,1160.837226628232
1629.7694915253967,805.0847457626967,1163.1396668184525
1628.6914498141007,803.3457249070485,1173.6613275299453
1387.237735849027,683.018867924512,1170.5213925917542
224.23434343434553,71.71717171717357,1155.3037956320584
90.80000000000058,7.790434963794723e-13,1137.5187890095424
1306.420143884865,637.4100719424299,1150.7723550078074
1372.603257328964,678.5016286644818,1149.1249915829585
1594.0360902255325,787.2180451127648,1149.230616111205
198.23283582090033,56.71641791045217,1123.5419939160588
1114.4664576802306,542.6332288401129,1114.4089005344526
1242.9530864197304,609.8765432098637,1108.2063503225495
250.3275167785289,84.56375838926664,1081.676758309366
1318.909090909065,645.45454545453,1079.439190998628
1615.921568627414,801.9607843137061,1083.0084865687077
994.9742331288166,476.687116564404,1072.0217740481858
758.6989010988862,350.5494505494375,1074.6102167166284
940.6265895953559,454.91329479767546,1061.6482880274366
1074.8296296296076,514.8148148147993,1052.4184073375866
1491.844522968171,733.9222614840834,1052.8771925337926
1265.6285714285543,623.2142857142765,1047.457065549666
1457.7442622950593,719.6721311475284,1046.8078775354943
754.8539792387405,349.8269896193653,1032.4997870522423
1665.3126760563046,826.0563380281516,1057.2533762135065
1744.442105263123,868.421052631561,1071.5568632699092
190.09230769231155,53.846153846157264,1052.0537176882185
1472.829139072831,727.8145695364151,1050.1546641060395
322.00442804428576,121.40221402214493,1053.0378571445372
1634.1058419243682,810.6529209621834,1076.2044868035373
1360.9927710843167,674.096385542158,1072.601868942781
1238.5530864197335,609.8765432098661,1066.826969581682
890.5595166162943,425.67975830814385,1057.2525188883674
1391.42657342655,686.7132867132735,1084.5668346134582
1517.936507936477,753.9682539682381,1083.6544086540446
1347.8346289752421,659.7173144876188,1081.3123330674598
1196.2708074533923,586.3354037266944,1074.0698618925846
1358.6153846153657,672.3076923076818,1084.108770811886
1514.131645569602,751.2658227848008,1111.1928582687326
891.961290322565,422.58064516127786,1112.8655080234043
1693.7098039215348,837.2549019607654,1116.3592290060496
1577.0921501706139,780.5460750853057,1127.593038015128
356.9836858006101,141.69184290030697,1126.8019291224443
1641.5526132403916,816.3763066201955,1143.1950407931931
1361.3627118643835,672.8813559321909,1166.0596283638142
1221.0461538461373,601.9230769230679,1163.1774755331464
1315.5328859060162,644.9664429530058,1173.5526884563144
1411.9999999999832,699.999999999991,1190.6845060854937
1462.646743295,719.9233716474988,1200.2066740341008
1226.424633431061,603.8123167155292,1192.8650490556638
908.0999999999838,431.2499999999875,1182.3979857645247
1501.7637583892351,742.2818791946167,1182.5817521603803
1707.9203065133906,846.360153256694,1184.14476846014
1461.8588235293955,723.5294117646978,1180.808115934446
977.2206185566829,467.0103092783369,1172.607773588599
691.1137546468265,316.3568773234078,1181.9453618128487
